{
  "runtime": 0.76,
  "memory": 50,
  "patterns_count": 101,
  "avg_correlation": 1.0,
  "avg_utility": 720376307.0,
  "minutil": 0.001,
  "mincor": 0.5,
  "timestamp": 1764475016,
  "total_transactions": 25764,
  "total_items": 106,
  "algorithms": {
    "CoIUM": {
      "patterns": 101,
      "runtime": 0.760134220123291
    },
    "CoUPM": {
      "patterns": 101,
      "runtime": 0.763883113861084
    },
    "CoHUI-Miner": {
      "patterns": 101,
      "runtime": 2.8885653018951416
    }
  }
}